ID	Nom du Produit	Catégorie	Tag / Étiquette	Prix (FCFA)	Description	URL Image
1	Lot de 3 T-Shirts Coton Basiques	Textile-Mode	Bas Prix	6 500 FCFA	Ensemble de 3 t-shirts 100% coton de qualité supérieure, confortables au quotidien.	https://i.pinimg.com/1200x/b0/94/02/b09402ecfc2c948f2e8782a5a68bdfe2.jpg
2	Robe de Soirée Haute Couture en Soie	Textile-Mode	Luxe	145 000 FCFA	Robe longue élégante en soie naturelle avec broderies délicates faites à la main.	https://images.unsplash.com/photo-1566174053879-31528523f8ae?auto=format&fit=crop&w=600&q=80
3	Jean Slim Stretch Quotidien	Textile-Mode	meilleures-ventes	9 500 FCFA	Coupe moderne et ajustée, idéal pour les sorties décontractées.	https://images.unsplash.com/photo-1541099649105-f69ad21f3246?auto=format&fit=crop&w=600&q=80
4	Costume 3 Pièces Homme Italienne Slim-Fit	Textile-Mode	Premium	185 000 FCFA	Costume de cérémonie confectionné dans de la laine fine italienne. Élégance absolue.	https://images.unsplash.com/photo-1594938298603-c8148c4dae35?auto=format&fit=crop&w=600&q=80
5	Chemise Blanche Classique Homme	Textile-Mode	Bas Prix	7 000 FCFA	Chemise repassage facile, coupe droite idéale pour le bureau ou événements.	https://images.unsplash.com/photo-1620012253295-c15cc3e65df4?auto=format&fit=crop&w=600&q=80
6	Veste en Cuir Véritable Agneau	Textile-Mode	Luxe	120 000 FCFA	Blouson biker en cuir véritable ultra souple avec finitions métalliques haut de gamme.	https://images.unsplash.com/photo-1551028719-00167b16eac5?auto=format&fit=crop&w=600&q=80
7	Robe d'Été Fleurie Légère	Textile-Mode	Tendance	8 500 FCFA	Robe fluide avec imprimé floral coloré, parfaite pour le climat tropical.	https://images.unsplash.com/photo-1572804013309-59a88b7e92f1?auto=format&fit=crop&w=600&q=80
8	Manteau Long en Laine & Cachemire	Textile-Mode	Luxe	160 000 FCFA	Manteau structuré de qualité supérieure offrant chaleur et raffinement.	https://images.unsplash.com/photo-1539533018447-63fcce2678e3?auto=format&fit=crop&w=600&q=80
9	Short de Sport Respirant Quick-Dry	Textile-Mode	Bas Prix	4 500 FCFA	Short ultra-léger avec poche zippée, parfait pour le running et le fitness.	https://images.unsplash.com/photo-1591195853828-11db59a44f6b?auto=format&fit=crop&w=600&q=80
10	Boubou Traditionnel VIP Brodé Main	Textile-Mode	Exclusif	95 000 FCFA	Bazin riche de première qualité avec broderies complexes artisanales.	https://i.pinimg.com/1200x/b8/e8/68/b8e868eb071829bfc1d294ab8ace641b.jpg
11	Sweat à Capuche Oversize Cotton	Textile-Mode	Streetwear	11 000 FCFA	Hoodie molletonné coupe confortable style urbain.	https://images.unsplash.com/photo-1556905055-8f358a7a47b2?auto=format&fit=crop&w=600&q=80
12	Kimono en Satin Imprimé	Textile-Mode	Promo	12 500 FCFA	Kimono élégant à porter en veste légère ou tenue d'intérieur.	https://images.unsplash.com/photo-1583391733956-3750e0ff4e8b?auto=format&fit=crop&w=600&q=80
13	Ensemble Polo & Short Casual	Textile-Mode	Bas Prix	8 900 FCFA	Ensemble deux pièces d'été moderne et décontracté.	https://i.pinimg.com/736x/88/c9/b0/88c9b0ea9e4e7c6cc43401a2ad40f1f1.jpg
14	Jupe Plissée Longue Satinée	Textile-Mode	Tendance	10 500 FCFA	Jupe tendance taille élastique avec reflets brillants.	https://images.unsplash.com/photo-1583496661160-fb5886a0aaaa?auto=format&fit=crop&w=600&q=80
15	Gilet en Maille Douce Cashmere-Touch	Textile-Mode	Nouveauté	14 000 FCFA	Cardigan boutonné doux au toucher et très agréable à porter.	https://images.unsplash.com/photo-1620799140408-edc6dcb6d633?auto=format&fit=crop&w=600&q=80
16	Pyjama 2 Pièces en Soie Véritable	Textile-Mode	Luxe	48 000 FCFA	Ensemble nuit haut de gamme pour un confort absolu et élégant.	https://images.unsplash.com/photo-1616885827725-7b567d288d44?auto=format&fit=crop&w=600&q=80
17	Pantalon Cargo Multi-Poches	Textile-Mode	Bas Prix	9 900 FCFA	Style street robuste avec multiples poches de rangement.	https://images.unsplash.com/photo-1624378439575-d8705ad7ae80?auto=format&fit=crop&w=600&q=80
18	Maillot de Bain Design Haute Élégance	Textile-Mode	Premium	22 000 FCFA	Maillot de bain une pièce sculptant avec découpes dorées.	https://images.unsplash.com/photo-1576995853123-5a10305d93c0?auto=format&fit=crop&w=600&q=80
19	Baume à Lèvres Hydratant Beurre de Karité	Beaute-Soins	Bas Prix	1 500 FCFA	Soin protecteur naturel enrichi en vitamine E et karité pur.	https://images.unsplash.com/photo-1625101902621-2e6462719522?auto=format&fit=crop&w=600&q=80
20	Parfum d'Exception Nuit Royale 100ml	Beaute-Soins	Luxe	135 000 FCFA	Fragrance envoûtante aux notes d'Oud, Ambre précieux et Rose de Damas.	https://images.unsplash.com/photo-1592945403244-b3fbafd7f539?auto=format&fit=crop&w=600&q=80
21	Savon Noir Purifiant au Charbon Actif	Beaute-Soins	Nouveau	2 500 FCFA	Nettoie en profondeur, élimine l'excès de sébum et les impuretés.	https://images.unsplash.com/photo-1607006482170-137b02c8e310?auto=format&fit=crop&w=600&q=80
22	Sérum Anti-Âge Fondamental à l'Or 24K	Beaute-Soins	Luxe	89 000 FCFA	Sérum concentré raffermissant enrichi en particules d'or et acide hyaluronique.	https://images.unsplash.com/photo-1620916566398-39f1143ab7be?auto=format&fit=crop&w=600&q=80
23	Crème Hydratante Quotidienne Visage 50ml	Beaute-Soins	Bas Prix	4 500 FCFA	Hydratation 24h texture légère pour tous types de peaux.	https://static.wixstatic.com/media/956e87_2d4d743577134e0d8083a1afd057f6fc~mv2.png/v1/fill/w_1000,h_1000,al_c,q_90,enc_avif,quality_auto/956e87_2d4d743577134e0d8083a1afd057f6fc~mv2.png
24	Coffret Maquillage Pro 48 Couleurs	Beaute-Soins	meilleures-ventes	18 500 FCFA	Palette complète fards à paupières, blush et rouges à lèvres.	https://images.unsplash.com/photo-1512496015851-a90fb38ba796?auto=format&fit=crop&w=600&q=80
25	Huile Botanique Restructurante Cheveux	Beaute-Soins	Bas Prix	3 800 FCFA	Mélange d'huiles d'Argan et de Jojoba pour des cheveux brillants.	https://images.unsplash.com/photo-1608248597279-f99d160bfcbc?auto=format&fit=crop&w=600&q=80
26	Coffret Soin Visage Spa Prestige (5 Produits)	Beaute-Soins	Luxe	110 000 FCFA	Routine complète haut de gamme : nettoyant, sérum, crème, masque et contour des yeux.	https://images.unsplash.com/photo-1556228720-195a672e8a03?auto=format&fit=crop&w=600&q=80
27	Gel Douche Bio Énergisant 500ml	Beaute-Soins	Bas Prix	2 900 FCFA	Aux extraits d'agrumes et d'aloe vera pour réveiller la peau.	https://images.unsplash.com/photo-1585232351009-aa87416fec90?auto=format&fit=crop&w=600&q=80
28	Lisseur Professionnel Vapeur Titane	Beaute-Soins	Pro	35 000 FCFA	Technologie vapeur ionique protégeant la fibre capillaire.	https://images.unsplash.com/photo-1522337360788-8b13dee7a37e?auto=format&fit=crop&w=600&q=80
29	Vernis à Ongles Longue Tenue (Rouge Intense)	Beaute-Soins	Bas Prix	1 200 FCFA	Finition brillante effet gel sans lampe UV.	https://images.unsplash.com/photo-1632345031435-8727f6897d53?auto=format&fit=crop&w=600&q=80
30	Rouge à Lèvres Mat Velours Velvet	Beaute-Soins	Tendance	4 900 FCFA	Couleur haute pigmentation qui ne dessèche pas les lèvres.	https://images.unsplash.com/photo-1586495777744-4413f21062fa?auto=format&fit=crop&w=600&q=80
31	Sèche-Cheveux Supersonique Ionique	Beaute-Soins	Luxe	98 000 FCFA	Séchage ultra-rapide avec contrôle intelligent de la chaleur.	https://images.unsplash.com/photo-1527799820374-dcf8d9d4a388?auto=format&fit=crop&w=600&q=80
32	Masque Argile Verte Detox 100g	Beaute-Soins	Bas Prix	2 000 FCFA	Resserre les pores et affine le grain de peau.	https://images.unsplash.com/photo-1567928269937-ae146e45b428?auto=format&fit=crop&w=600&q=80
33	Eau de Toilette Homme Fraîcheur Marine 100ml	Beaute-Soins	Populaire	14 500 FCFA	Senteur dynamique idéale pour l'été et le sport.	https://images.unsplash.com/photo-1523293182086-7651a899d37f?auto=format&fit=crop&w=600&q=80
34	Kit Pinceaux de Maquillage Ultra Doux (12 pcs)	Beaute-Soins	Bas Prix	6 000 FCFA	Poils synthétiques haute densité pour un teint parfait.	https://images.unsplash.com/photo-1596462502278-27bfdc403348?auto=format&fit=crop&w=600&q=80
35	Casquette Urban Street Style	Equipement	Bas Prix	3 500 FCFA	Casquette ajustable 100% coton avec broderie frontale.	https://i.pinimg.com/736x/fc/85/ec/fc85ec89d0c85f9b7441fd15b68e1e3d.jpg
36	Montre Chronographe Suisse en Or Rose	Equipement	Luxe	320 000 FCFA	Mouvement automatique d'exception, verre saphir inrayable et bracelet cuir noble.	https://images.unsplash.com/photo-1523275335684-37898b6baf30?auto=format&fit=crop&w=600&q=80
37	Lunettes de Soleil Polarisées UV400	Equipement	meilleures-ventes	5 500 FCFA	Monture légère et verres protecteurs anti-éblouissement.	https://images.unsplash.com/photo-1572635196237-14b3f281503f?w=600
38	Sac à Main Haute Maroquinerie Cuir It-Bag	Equipement	Luxe	210 000 FCFA	Sac de designer assemblé à la main, fermoir plaqué or.	https://images.unsplash.com/photo-1584917865442-de89df76afd3?auto=format&fit=crop&w=600&q=80
39	Ceinture Homme Simili Cuir Reversible	Equipement	Bas Prix	4 000 FCFA	Double face noir et marron avec boucle classique argentée.	https://images.unsplash.com/photo-1624222247344-550fb60583dc?auto=format&fit=crop&w=600&q=80
40	Baskets Sneakers Designer Édition Limitée	Equipement	Collector	140 000 FCFA	Sneakers de collection aux finitions rares et confort coussin d'air.	https://i.pinimg.com/1200x/20/0f/03/200f031ddfe44c11fe37bae7353896cf.jpg
41	Portefeuille Compact Mince Anti-RFID	Equipement	Bas Prix	3 000 FCFA	Protège vos cartes bancaires contre le piratage à distance.	https://images.unsplash.com/photo-1627123424574-724758594e93?auto=format&fit=crop&w=600&q=80
42	Collier Diamant Synthétique & Argent 925	Equipement	Élégance	45 000 FCFA	Pendentif scintillant monté sur une chaîne fine en argent sterling.	https://images.unsplash.com/photo-1599643478518-a784e5dc4c8f?auto=format&fit=crop&w=600&q=80
43	Sac à Dos Voyage Waterproof avec Port USB	Equipement	Pratique	12 500 FCFA	Sac ordinateur renforcé pour voyages et déplacements professionnels.	https://images.unsplash.com/photo-1553062407-98eeb64c6a62?auto=format&fit=crop&w=600&q=80
44	Lunettes de Soleil De Designer Cadre Or	Equipement	Luxe	85 000 FCFA	Style iconique avec monture dorée et verres teintés haut de gamme.	https://i.pinimg.com/1200x/16/26/ad/1626adbfdb78ffee1c87ea8d6b6f8bf2.jpg
45	Chapeau de Paille d'Été Wide-Brim	Equipement	Bas Prix	4 800 FCFA	Protection solaire élégante pour la plage et les promenades.	https://images.unsplash.com/photo-1521369909029-2afed882baee?auto=format&fit=crop&w=600&q=80
46	Montre Homme Business Cadran Noir	Equipement	Tendance	16 500 FCFA	Monture en acier inoxydable noire avec affichage de la date.	https://i.pinimg.com/736x/55/75/4f/55754f21b118cfde8e52c490eecdf264.jpg
47	Chaussures Mocassins Homme en Cuir Suédé	Equipement	Style	28 000 FCFA	Mocassins confortables et chic pour un look casual chic.	https://i.pinimg.com/736x/dd/6f/8e/dd6f8e15d9d0cdac861883f68635292f.jpg
48	Sandales Élégantes Cuir & Strass	Equipement	Bas Prix	8 500 FCFA	Sandales plates légères ornées de pierres scintillantes.	https://i.pinimg.com/736x/19/6a/aa/196aaa7740e1ae0ce8307ebbe3cbad38.jpg
49	Gants en Cuir Véritable Doublés Soie	Equipement	Luxe	38 000 FCFA	Accessoire d'hiver ultra chic au toucher d'une douceur incomparable.	https://images.unsplash.com/photo-1516762689617-e1cffffd478d?auto=format&fit=crop&w=600&q=80
50	Bracelet Homme Perles de Pierre de Lave & Argent	Equipement	Bas Prix	3 500 FCFA	Bracelet élastique tendance aux vertus apaisantes.	https://i.pinimg.com/736x/b6/e0/9e/b6e09e5c7f64645d63effe981b5e2732.jpg
